Image,Result,Confidence,Time(ms)
0003_01_00_01_10.jpg,,-1.000,1.142
0003_01_00_01_104.jpg,,-1.000,0.740
0003_01_00_01_109.jpg,,-1.000,0.502
0003_01_00_01_113.jpg,,-1.000,0.598
0003_01_00_01_118.jpg,,-1.000,0.532
0003_01_00_01_122.jpg,,-1.000,1.220
0003_01_00_01_127.jpg,,-1.000,3.671
0003_01_00_01_131.jpg,,-1.000,0.593
0003_01_00_01_136.jpg,,-1.000,0.609
0003_01_00_01_140.jpg,,-1.000,0.590
0003_01_00_01_145.jpg,,-1.000,0.592
0003_01_00_01_15.jpg,,-1.000,0.637
0003_01_00_01_154.jpg,,-1.000,0.600
0003_01_00_01_159.jpg,,-1.000,0.213
0003_01_00_01_163.jpg,attack,0.000,125.735
0003_01_00_01_168.jpg,attack,0.000,31.904
0003_01_00_01_172.jpg,attack,0.000,36.451
0003_01_00_01_177.jpg,attack,0.000,25.976
0003_01_00_01_181.jpg,attack,0.000,34.534
0003_01_00_01_186.jpg,attack,0.000,33.333
0003_01_00_01_190.jpg,attack,0.000,25.822
0003_01_00_01_195.jpg,attack,0.000,32.982
0003_01_00_01_20.jpg,attack,0.000,44.056
0003_01_00_01_204.jpg,attack,0.000,35.645
0003_01_00_01_209.jpg,attack,0.000,41.137
0003_01_00_01_213.jpg,attack,0.000,35.240
0003_01_00_01_218.jpg,attack,0.000,26.652
0003_01_00_01_222.jpg,attack,0.000,35.469
0003_01_00_01_227.jpg,attack,0.000,37.512
0003_01_00_01_231.jpg,attack,0.000,27.321
0003_01_00_01_236.jpg,attack,0.000,36.101
0003_01_00_01_240.jpg,attack,0.000,36.076
0003_01_00_01_245.jpg,attack,0.002,25.073
0003_01_00_01_25.jpg,attack,0.000,33.163
0003_01_00_01_254.jpg,attack,0.000,28.885
0003_01_00_01_259.jpg,attack,0.000,25.974
0003_01_00_01_263.jpg,attack,0.000,33.100
0003_01_00_01_268.jpg,attack,0.000,33.501
0003_01_00_01_272.jpg,attack,0.000,25.294
0003_01_00_01_277.jpg,attack,0.000,50.804
0003_01_00_01_281.jpg,attack,0.000,26.359
0003_01_00_01_286.jpg,attack,0.000,57.798
0003_01_00_01_290.jpg,attack,0.000,48.401
0003_01_00_01_295.jpg,attack,0.000,32.605
0003_01_00_01_30.jpg,attack,0.000,26.697
0003_01_00_01_304.jpg,attack,0.000,130.614
0003_01_00_01_309.jpg,attack,0.000,52.938
0003_01_00_01_313.jpg,attack,0.000,46.483
0003_01_00_01_318.jpg,attack,0.000,87.281
0003_01_00_01_322.jpg,attack,0.001,166.092
0003_01_00_01_327.jpg,attack,0.002,194.389
0003_01_00_01_331.jpg,attack,0.021,58.945
0003_01_00_01_336.jpg,attack,0.016,38.289
0003_01_00_01_340.jpg,attack,0.108,38.353
0003_01_00_01_345.jpg,attack,0.001,32.486
0003_01_00_01_35.jpg,attack,0.000,41.461
0003_01_00_01_354.jpg,attack,0.013,38.441
0003_01_00_01_359.jpg,attack,0.022,34.465
0003_01_00_01_363.jpg,attack,0.026,39.990
0003_01_00_01_368.jpg,attack,0.005,37.529
0003_01_00_01_372.jpg,attack,0.002,44.528
0003_01_00_01_377.jpg,attack,0.013,49.061
0003_01_00_01_381.jpg,attack,0.075,37.577
0003_01_00_01_386.jpg,attack,0.002,37.016
0003_01_00_01_390.jpg,attack,0.052,46.169
0003_01_00_01_395.jpg,attack,0.156,30.878
0003_01_00_01_40.jpg,attack,0.000,35.456
0003_01_00_01_404.jpg,attack,0.002,38.347
0003_01_00_01_409.jpg,attack,0.000,30.482
0003_01_00_01_413.jpg,attack,0.001,39.147
0003_01_00_01_418.jpg,attack,0.000,50.898
0003_01_00_01_422.jpg,attack,0.002,49.510
0003_01_00_01_427.jpg,attack,0.099,52.092
0003_01_00_01_431.jpg,attack,0.004,39.850
0003_01_00_01_436.jpg,attack,0.021,79.259
0003_01_00_01_440.jpg,attack,0.051,90.531
0003_01_00_01_445.jpg,attack,0.027,84.194
0003_01_00_01_45.jpg,,-1.000,12.047
0003_01_00_01_454.jpg,attack,0.003,121.728
0003_01_00_01_459.jpg,attack,0.014,163.583
0003_01_00_01_463.jpg,attack,0.003,49.488
0003_01_00_01_468.jpg,attack,0.012,54.798
0003_01_00_01_472.jpg,attack,0.045,35.859
0003_01_00_01_477.jpg,attack,0.014,37.877
0003_01_00_01_481.jpg,attack,0.144,26.394
0003_01_00_01_486.jpg,attack,0.009,23.861
0003_01_00_01_490.jpg,attack,0.032,23.593
0003_01_00_01_495.jpg,attack,0.027,31.072
0003_01_00_01_50.jpg,attack,0.000,29.225
0003_01_00_01_55.jpg,attack,0.000,26.543
0003_01_00_01_6.jpg,,-1.000,9.003
0003_01_00_01_64.jpg,attack,0.000,30.483
0003_01_00_01_69.jpg,attack,0.000,27.299
0003_01_00_01_73.jpg,attack,0.000,27.003
0003_01_00_01_78.jpg,attack,0.000,34.971
0003_01_00_01_82.jpg,attack,0.000,23.069
0003_01_00_01_87.jpg,attack,0.000,28.127
0003_01_00_01_91.jpg,attack,0.000,32.735
0003_01_00_01_96.jpg,attack,0.000,25.350
0003_01_01_02_10.jpg,,-1.000,11.857
0003_01_01_02_118.jpg,attack,0.003,42.352
0003_01_01_02_136.jpg,,-1.000,12.925
0003_01_01_02_154.jpg,,-1.000,0.488
0003_01_01_02_172.jpg,,-1.000,0.458
0003_01_01_02_190.jpg,,-1.000,0.432
0003_01_01_02_209.jpg,,-1.000,0.421
0003_01_01_02_227.jpg,,-1.000,0.453
0003_01_01_02_245.jpg,,-1.000,65.025
0003_01_01_02_263.jpg,,-1.000,8.192
0003_01_01_02_281.jpg,,-1.000,6.771
0003_01_01_02_30.jpg,attack,0.000,67.291
0003_01_01_02_318.jpg,,-1.000,11.727
0003_01_01_02_336.jpg,attack,0.000,27.216
0003_01_01_02_354.jpg,attack,0.000,42.199
0003_01_01_02_372.jpg,attack,0.000,38.109
0003_01_01_02_390.jpg,,-1.000,10.306
0003_01_01_02_409.jpg,attack,0.000,50.815
0003_01_01_02_427.jpg,,-1.000,13.215
0003_01_01_02_445.jpg,,-1.000,11.628
0003_01_01_02_463.jpg,,-1.000,11.676
0003_01_01_02_481.jpg,,-1.000,10.878
0003_01_01_02_50.jpg,,-1.000,12.073
0003_01_01_02_7.jpg,,-1.000,13.152
0003_01_01_02_88.jpg,,-1.000,0.569
0003_01_01_03_100.jpg,,-1.000,0.522
0003_01_01_03_106.jpg,,-1.000,0.201
0003_01_01_03_112.jpg,,-1.000,0.624
0003_01_01_03_118.jpg,,-1.000,0.568
0003_01_01_03_124.jpg,,-1.000,0.634
0003_01_01_03_130.jpg,,-1.000,119.193
0003_01_01_03_136.jpg,attack,0.000,44.111
0003_01_01_03_142.jpg,attack,0.000,40.695
0003_01_01_03_148.jpg,attack,0.000,34.184
0003_01_01_03_154.jpg,attack,0.000,46.156
0003_01_01_03_160.jpg,attack,0.000,31.282
0003_01_01_03_166.jpg,attack,0.000,28.711
0003_01_01_03_172.jpg,attack,0.000,32.228
0003_01_01_03_178.jpg,attack,0.000,29.067
0003_01_01_03_184.jpg,attack,0.000,39.539
0003_01_01_03_190.jpg,attack,0.000,26.201
0003_01_01_03_196.jpg,attack,0.000,26.832
0003_01_01_03_201.jpg,attack,0.000,29.779
0003_01_01_03_207.jpg,attack,0.000,40.392
0003_01_01_03_212.jpg,attack,0.000,27.396
0003_01_01_03_218.jpg,attack,0.000,38.975
0003_01_01_03_223.jpg,attack,0.000,27.393
0003_01_01_03_229.jpg,attack,0.000,25.489
0003_01_01_03_234.jpg,attack,0.000,31.994
0003_01_01_03_24.jpg,,-1.000,2.953
0003_01_01_03_245.jpg,,-1.000,0.475
0003_01_01_03_252.jpg,,-1.000,0.523
0003_01_01_03_258.jpg,,-1.000,0.460
0003_01_01_03_263.jpg,,-1.000,10.602
0003_01_01_03_269.jpg,,-1.000,0.525
0003_01_01_03_274.jpg,,-1.000,0.412
0003_01_01_03_28.jpg,,-1.000,0.416
0003_01_01_03_285.jpg,,-1.000,0.395
0003_01_01_03_290.jpg,,-1.000,0.418
0003_01_01_03_296.jpg,,-1.000,0.477
0003_01_01_03_301.jpg,,-1.000,4.262
0003_01_01_03_307.jpg,,-1.000,0.640
0003_01_01_03_313.jpg,,-1.000,0.532
0003_01_01_03_319.jpg,,-1.000,0.466
0003_01_01_03_325.jpg,,-1.000,0.701
0003_01_01_03_331.jpg,,-1.000,0.609
0003_01_01_03_337.jpg,,-1.000,0.664
0003_01_01_03_343.jpg,,-1.000,0.532
0003_01_01_03_349.jpg,,-1.000,0.546
0003_01_01_03_354.jpg,,-1.000,0.150
0003_01_01_03_36.jpg,,-1.000,0.538
0003_01_01_03_365.jpg,,-1.000,0.506
0003_01_01_03_372.jpg,,-1.000,0.548
0003_01_01_03_378.jpg,,-1.000,0.156
0003_01_01_03_383.jpg,,-1.000,0.156
0003_01_01_03_389.jpg,,-1.000,0.151
0003_01_01_03_394.jpg,,-1.000,0.191
0003_01_01_03_40.jpg,attack,0.000,110.237
0003_01_01_03_405.jpg,attack,0.000,33.658
0003_01_01_03_410.jpg,attack,0.000,34.464
0003_01_01_03_416.jpg,attack,0.000,28.722
0003_01_01_03_421.jpg,attack,0.000,50.253
0003_01_01_03_43.jpg,attack,0.000,32.427
0003_01_01_03_435.jpg,attack,0.000,24.885
0003_01_01_03_440.jpg,attack,0.000,47.546
0003_01_01_03_446.jpg,attack,0.000,26.201
0003_01_01_03_451.jpg,attack,0.000,28.617
0003_01_01_03_457.jpg,attack,0.000,24.694
0003_01_01_03_462.jpg,attack,0.000,40.784
0003_01_01_03_468.jpg,attack,0.000,23.893
0003_01_01_03_473.jpg,attack,0.000,48.984
0003_01_01_03_479.jpg,attack,0.000,25.451
0003_01_01_03_484.jpg,attack,0.000,25.708
0003_01_01_03_49.jpg,attack,0.000,30.625
0003_01_01_03_495.jpg,attack,0.000,27.485
0003_01_01_03_51.jpg,attack,0.000,24.575
0003_01_01_03_57.jpg,attack,0.000,23.557
0003_01_01_03_63.jpg,attack,0.000,36.322
0003_01_01_03_69.jpg,attack,0.000,36.216
0003_01_01_03_75.jpg,attack,0.000,32.172
0003_01_01_03_82.jpg,attack,0.000,26.102
0003_01_01_03_88.jpg,attack,0.000,26.095
0003_01_01_03_94.jpg,attack,0.000,24.743
0003_01_02_02_0.jpg,,-1.000,7.257
0003_01_02_02_117.jpg,,-1.000,20.365
0003_01_02_02_137.jpg,,-1.000,7.797
0003_01_02_02_155.jpg,,-1.000,6.981
0003_01_02_02_173.jpg,,-1.000,8.017
0003_01_02_02_191.jpg,,-1.000,5.978
0003_01_02_02_210.jpg,,-1.000,0.536
0003_01_02_02_230.jpg,,-1.000,0.513
0003_01_02_02_249.jpg,,-1.000,0.416
0003_01_02_02_267.jpg,,-1.000,0.445
0003_01_02_02_285.jpg,,-1.000,0.523
0003_01_02_02_302.jpg,,-1.000,0.449
0003_01_02_02_320.jpg,,-1.000,0.489
0003_01_02_02_339.jpg,,-1.000,0.515
0003_01_02_02_357.jpg,,-1.000,80.465
0003_01_02_02_375.jpg,attack,0.000,24.796
0003_01_02_02_393.jpg,attack,0.000,62.425
0003_01_02_02_410.jpg,,-1.000,16.464
0003_01_02_02_429.jpg,attack,0.000,35.982
0003_01_02_02_447.jpg,attack,0.008,40.362
0003_01_02_02_465.jpg,attack,0.000,34.419
0003_01_02_02_483.jpg,attack,0.000,33.528
0003_01_02_02_51.jpg,attack,0.000,33.556
0003_01_02_02_7.jpg,attack,0.000,30.411
0003_01_02_02_88.jpg,attack,0.000,24.296
0003_01_02_03_100.jpg,attack,0.000,30.142
0003_01_02_03_106.jpg,attack,0.000,25.294
0003_01_02_03_112.jpg,attack,0.000,28.706
0003_01_02_03_118.jpg,attack,0.000,27.897
0003_01_02_03_124.jpg,attack,0.000,26.635
0003_01_02_03_130.jpg,attack,0.000,25.136
0003_01_02_03_136.jpg,attack,0.000,27.972
0003_01_02_03_142.jpg,attack,0.000,24.802
0003_01_02_03_148.jpg,attack,0.000,33.314
0003_01_02_03_154.jpg,attack,0.498,24.355
0003_01_02_03_160.jpg,,-1.000,8.044
0003_01_02_03_166.jpg,attack,0.000,37.615
0003_01_02_03_172.jpg,attack,0.000,28.825
0003_01_02_03_178.jpg,attack,0.000,26.451
0003_01_02_03_184.jpg,attack,0.000,73.326
0003_01_02_03_190.jpg,attack,0.000,26.079
0003_01_02_03_196.jpg,attack,0.000,27.927
0003_01_02_03_201.jpg,attack,0.000,29.391
0003_01_02_03_207.jpg,attack,0.000,24.276
0003_01_02_03_212.jpg,attack,0.001,25.549
0003_01_02_03_218.jpg,attack,0.000,39.217
0003_01_02_03_223.jpg,attack,0.000,25.914
0003_01_02_03_229.jpg,attack,0.000,28.284
0003_01_02_03_234.jpg,attack,0.000,31.188
0003_01_02_03_24.jpg,,-1.000,3.206
0003_01_02_03_245.jpg,,-1.000,0.255
0003_01_02_03_250.jpg,,-1.000,0.450
0003_01_02_03_256.jpg,,-1.000,9.900
0003_01_02_03_261.jpg,,-1.000,0.458
0003_01_02_03_267.jpg,,-1.000,0.501
0003_01_02_03_272.jpg,,-1.000,0.430
0003_01_02_03_278.jpg,,-1.000,0.749
0003_01_02_03_283.jpg,,-1.000,0.618
0003_01_02_03_289.jpg,,-1.000,0.673
0003_01_02_03_294.jpg,,-1.000,1.266
0003_01_02_03_30.jpg,,-1.000,0.215
0003_01_02_03_305.jpg,,-1.000,0.519
0003_01_02_03_310.jpg,,-1.000,0.459
0003_01_02_03_316.jpg,,-1.000,0.671
0003_01_02_03_321.jpg,,-1.000,0.549
0003_01_02_03_327.jpg,,-1.000,0.483
0003_01_02_03_332.jpg,,-1.000,0.448
0003_01_02_03_338.jpg,,-1.000,0.458
0003_01_02_03_343.jpg,,-1.000,0.144
0003_01_02_03_349.jpg,,-1.000,0.429
0003_01_02_03_355.jpg,,-1.000,0.487
0003_01_02_03_360.jpg,,-1.000,0.467
0003_01_02_03_366.jpg,,-1.000,0.165
0003_01_02_03_371.jpg,,-1.000,0.195
0003_01_02_03_377.jpg,,-1.000,0.185
0003_01_02_03_382.jpg,,-1.000,0.163
0003_01_02_03_388.jpg,,-1.000,0.158
0003_01_02_03_393.jpg,,-1.000,0.274
0003_01_02_03_399.jpg,,-1.000,11.853
0003_01_02_03_404.jpg,,-1.000,0.485
0003_01_02_03_41.jpg,,-1.000,0.687
0003_01_02_03_415.jpg,,-1.000,0.476
0003_01_02_03_420.jpg,,-1.000,0.507
0003_01_02_03_426.jpg,,-1.000,0.445
0003_01_02_03_431.jpg,,-1.000,0.440
0003_01_02_03_437.jpg,,-1.000,0.148
0003_01_02_03_442.jpg,,-1.000,0.192
0003_01_02_03_448.jpg,,-1.000,0.459
0003_01_02_03_453.jpg,,-1.000,0.414
0003_01_02_03_459.jpg,,-1.000,0.602
0003_01_02_03_464.jpg,,-1.000,0.533
0003_01_02_03_47.jpg,,-1.000,0.295
0003_01_02_03_475.jpg,,-1.000,0.288
0003_01_02_03_480.jpg,,-1.000,0.253
0003_01_02_03_486.jpg,,-1.000,63.127
0003_01_02_03_492.jpg,,-1.000,0.408
0003_01_02_03_498.jpg,,-1.000,0.453
0003_01_02_03_55.jpg,,-1.000,0.434
0003_01_02_03_61.jpg,,-1.000,0.576
0003_01_02_03_67.jpg,,-1.000,0.767
0003_01_02_03_74.jpg,,-1.000,0.507
0003_01_02_03_80.jpg,,-1.000,20.118
0003_01_02_03_86.jpg,,-1.000,0.538
0003_01_02_03_92.jpg,,-1.000,12.118
0003_01_02_03_98.jpg,,-1.000,0.461
0003_01_03_02_10.jpg,,-1.000,0.437
0003_01_03_02_118.jpg,,-1.000,0.446
0003_01_03_02_136.jpg,,-1.000,0.440
0003_01_03_02_154.jpg,,-1.000,0.153
0003_01_03_02_172.jpg,,-1.000,0.492
0003_01_03_02_190.jpg,,-1.000,0.645
0003_01_03_02_209.jpg,,-1.000,0.727
0003_01_03_02_227.jpg,,-1.000,0.591
0003_01_03_02_245.jpg,attack,0.000,93.805
0003_01_03_02_263.jpg,attack,0.075,32.878
0003_01_03_02_281.jpg,,-1.000,9.606
0003_01_03_02_30.jpg,,-1.000,7.438
0003_01_03_02_318.jpg,,-1.000,6.469
0003_01_03_02_336.jpg,,-1.000,7.674
0003_01_03_02_354.jpg,,-1.000,8.903
0003_01_03_02_372.jpg,attack,0.001,67.446
0003_01_03_02_390.jpg,attack,0.000,29.890
0003_01_03_02_409.jpg,attack,0.000,32.135
0003_01_03_02_427.jpg,attack,0.000,29.278
0003_01_03_02_445.jpg,attack,0.000,29.708
0003_01_03_02_463.jpg,attack,0.000,41.848
0003_01_03_02_481.jpg,attack,0.000,24.845
0003_01_03_02_5.jpg,attack,0.000,37.909
0003_01_03_02_68.jpg,attack,0.000,25.136
0003_01_03_02_86.jpg,attack,0.000,33.991
0003_01_03_03_100.jpg,attack,0.000,23.813
0003_01_03_03_106.jpg,attack,0.000,24.982
0003_01_03_03_112.jpg,attack,0.000,33.515
0003_01_03_03_118.jpg,attack,0.000,31.549
0003_01_03_03_124.jpg,attack,0.000,23.288
0003_01_03_03_130.jpg,attack,0.000,38.663
0003_01_03_03_136.jpg,attack,0.001,24.997
0003_01_03_03_142.jpg,attack,0.000,25.169
0003_01_03_03_148.jpg,attack,0.000,25.050
0003_01_03_03_154.jpg,attack,0.000,33.186
0003_01_03_03_160.jpg,attack,0.000,25.386
0003_01_03_03_166.jpg,attack,0.000,36.511
0003_01_03_03_172.jpg,attack,0.001,31.870
0003_01_03_03_178.jpg,attack,0.001,26.242
0003_01_03_03_184.jpg,attack,0.002,26.512
0003_01_03_03_190.jpg,attack,0.000,30.901
0003_01_03_03_196.jpg,attack,0.001,26.824
0003_01_03_03_201.jpg,attack,0.002,37.827
0003_01_03_03_207.jpg,attack,0.000,26.594
0003_01_03_03_212.jpg,attack,0.001,25.767
0003_01_03_03_218.jpg,attack,0.000,29.015
0003_01_03_03_223.jpg,attack,0.000,30.377
0003_01_03_03_229.jpg,attack,0.000,24.287
0003_01_03_03_234.jpg,attack,0.000,37.324
0003_01_03_03_24.jpg,attack,0.271,38.151
0003_01_03_03_245.jpg,,-1.000,7.812
0003_01_03_03_250.jpg,,-1.000,6.884
0003_01_03_03_256.jpg,,-1.000,0.809
0003_01_03_03_261.jpg,,-1.000,0.230
0003_01_03_03_267.jpg,,-1.000,0.569
0003_01_03_03_272.jpg,,-1.000,0.627
0003_01_03_03_278.jpg,,-1.000,0.592
0003_01_03_03_283.jpg,,-1.000,0.487
0003_01_03_03_289.jpg,,-1.000,0.554
0003_01_03_03_294.jpg,,-1.000,0.555
0003_01_03_03_30.jpg,,-1.000,0.505
0003_01_03_03_305.jpg,,-1.000,0.179
0003_01_03_03_310.jpg,,-1.000,0.561
0003_01_03_03_316.jpg,,-1.000,0.494
0003_01_03_03_321.jpg,,-1.000,0.649
0003_01_03_03_327.jpg,,-1.000,0.161
0003_01_03_03_332.jpg,,-1.000,0.155
0003_01_03_03_338.jpg,,-1.000,0.161
0003_01_03_03_343.jpg,,-1.000,0.169
0003_01_03_03_349.jpg,,-1.000,0.271
0003_01_03_03_354.jpg,attack,0.000,102.594
0003_01_03_03_36.jpg,attack,0.001,45.285
0003_01_03_03_365.jpg,attack,0.000,25.722
0003_01_03_03_370.jpg,attack,0.000,37.521
0003_01_03_03_376.jpg,attack,0.000,23.815
0003_01_03_03_381.jpg,attack,0.000,24.389
0003_01_03_03_387.jpg,attack,0.017,24.774
0003_01_03_03_392.jpg,attack,0.000,26.862
0003_01_03_03_398.jpg,attack,0.014,68.406
0003_01_03_03_403.jpg,attack,0.000,32.947
0003_01_03_03_409.jpg,attack,0.000,26.450
0003_01_03_03_414.jpg,attack,0.000,26.581
0003_01_03_03_42.jpg,attack,0.000,29.326
0003_01_03_03_428.jpg,attack,0.000,23.560
0003_01_03_03_433.jpg,attack,0.000,37.209
0003_01_03_03_439.jpg,attack,0.000,26.540
0003_01_03_03_444.jpg,attack,0.000,24.333
0003_01_03_03_45.jpg,,-1.000,7.902
0003_01_03_03_455.jpg,attack,0.002,33.087
0003_01_03_03_460.jpg,attack,0.001,24.288
0003_01_03_03_466.jpg,attack,0.000,23.794
0003_01_03_03_471.jpg,attack,0.000,53.236
0003_01_03_03_477.jpg,attack,0.002,25.282
0003_01_03_03_482.jpg,attack,0.000,25.045
0003_01_03_03_488.jpg,attack,0.003,28.106
0003_01_03_03_493.jpg,attack,0.000,24.195
0003_01_03_03_499.jpg,attack,0.003,23.394
0003_01_03_03_55.jpg,attack,0.000,29.095
0003_01_03_03_61.jpg,attack,0.000,28.369
0003_01_03_03_67.jpg,,-1.000,7.970
0003_01_03_03_73.jpg,,-1.000,16.746
0003_01_03_03_79.jpg,,-1.000,7.291
0003_01_03_03_85.jpg,,-1.000,8.946
0003_01_03_03_91.jpg,,-1.000,5.740
0003_01_03_03_97.jpg,,-1.000,7.245
0003_01_04_02_0.jpg,,-1.000,3.654
0003_01_04_02_117.jpg,,-1.000,0.473
0003_01_04_02_137.jpg,,-1.000,0.467
0003_01_04_02_157.jpg,,-1.000,0.550
0003_01_04_02_175.jpg,,-1.000,0.455
0003_01_04_02_193.jpg,,-1.000,0.596
0003_01_04_02_211.jpg,,-1.000,0.546
0003_01_04_02_23.jpg,,-1.000,0.577
0003_01_04_02_248.jpg,,-1.000,0.211
0003_01_04_02_266.jpg,,-1.000,0.673
0003_01_04_02_284.jpg,,-1.000,0.822
0003_01_04_02_302.jpg,,-1.000,0.546
0003_01_04_02_327.jpg,,-1.000,0.162
0003_01_04_02_345.jpg,,-1.000,0.144
0003_01_04_02_363.jpg,,-1.000,0.168
0003_01_04_02_381.jpg,,-1.000,0.151
0003_01_04_02_40.jpg,,-1.000,49.032
0003_01_04_02_418.jpg,,-1.000,0.424
0003_01_04_02_436.jpg,,-1.000,0.426
0003_01_04_02_454.jpg,,-1.000,0.444
0003_01_04_02_472.jpg,,-1.000,0.542
0003_01_04_02_490.jpg,,-1.000,0.442
0003_01_04_02_60.jpg,,-1.000,0.413
0003_01_04_02_8.jpg,,-1.000,0.508
0003_01_04_02_98.jpg,,-1.000,0.454
0003_01_04_03_10.jpg,,-1.000,0.432
0003_01_04_03_105.jpg,,-1.000,80.676
0003_01_04_03_110.jpg,,-1.000,7.496
0003_01_04_03_116.jpg,attack,0.000,43.426
0003_01_04_03_121.jpg,attack,0.000,32.927
0003_01_04_03_127.jpg,attack,0.000,36.024
0003_01_04_03_133.jpg,attack,0.000,33.367
0003_01_04_03_139.jpg,attack,0.000,31.696
0003_01_04_03_145.jpg,attack,0.000,30.015
0003_01_04_03_150.jpg,attack,0.000,27.824
0003_01_04_03_156.jpg,attack,0.000,33.396
0003_01_04_03_161.jpg,attack,0.000,25.147
0003_01_04_03_167.jpg,attack,0.000,33.726
0003_01_04_03_172.jpg,attack,0.000,25.212
0003_01_04_03_178.jpg,attack,0.000,22.825
0003_01_04_03_183.jpg,attack,0.000,24.751
0003_01_04_03_189.jpg,attack,0.000,30.568
0003_01_04_03_194.jpg,attack,0.000,27.284
0003_01_04_03_20.jpg,attack,0.000,26.130
0003_01_04_03_205.jpg,,-1.000,10.472
0003_01_04_03_210.jpg,,-1.000,6.920
0003_01_04_03_216.jpg,,-1.000,20.848
0003_01_04_03_221.jpg,,-1.000,7.386
0003_01_04_03_227.jpg,,-1.000,6.313
0003_01_04_03_232.jpg,,-1.000,6.231
0003_01_04_03_238.jpg,,-1.000,0.430
0003_01_04_03_243.jpg,,-1.000,0.400
0003_01_04_03_249.jpg,,-1.000,0.817
0003_01_04_03_254.jpg,,-1.000,0.478
0003_01_04_03_26.jpg,attack,0.000,110.508
0003_01_04_03_265.jpg,attack,0.000,29.033
0003_01_04_03_270.jpg,attack,0.000,26.041
0003_01_04_03_276.jpg,attack,0.000,25.892
0003_01_04_03_281.jpg,attack,0.000,25.435
0003_01_04_03_287.jpg,attack,0.000,30.774
0003_01_04_03_292.jpg,attack,0.000,41.533
0003_01_04_03_298.jpg,attack,0.000,24.396
0003_01_04_03_302.jpg,attack,0.000,49.466
0003_01_04_03_308.jpg,attack,0.000,30.993
0003_01_04_03_313.jpg,attack,0.000,26.070
0003_01_04_03_319.jpg,attack,0.000,39.663
0003_01_04_03_325.jpg,attack,0.000,38.997
0003_01_04_03_331.jpg,attack,0.000,36.096
0003_01_04_03_337.jpg,attack,0.000,36.954
0003_01_04_03_343.jpg,attack,0.000,51.852
0003_01_04_03_349.jpg,attack,0.000,38.234
0003_01_04_03_355.jpg,attack,0.000,38.532
0003_01_04_03_360.jpg,attack,0.000,32.408
0003_01_04_03_366.jpg,attack,0.000,37.123
0003_01_04_03_371.jpg,attack,0.000,48.343
0003_01_04_03_377.jpg,attack,0.000,42.320
0003_01_04_03_382.jpg,attack,0.000,40.578
0003_01_04_03_388.jpg,attack,0.000,31.570
0003_01_04_03_393.jpg,attack,0.000,33.625
0003_01_04_03_399.jpg,attack,0.000,49.534
0003_01_04_03_404.jpg,attack,0.000,28.268
0003_01_04_03_41.jpg,attack,0.000,32.464
0003_01_04_03_415.jpg,,-1.000,8.762
0003_01_04_03_420.jpg,,-1.000,0.586
0003_01_04_03_426.jpg,,-1.000,0.562
0003_01_04_03_431.jpg,,-1.000,0.589
0003_01_04_03_437.jpg,,-1.000,0.153
0003_01_04_03_442.jpg,,-1.000,0.545
0003_01_04_03_448.jpg,,-1.000,0.430
0003_01_04_03_453.jpg,,-1.000,0.430
0003_01_04_03_459.jpg,,-1.000,0.563
0003_01_04_03_464.jpg,,-1.000,0.450
0003_01_04_03_47.jpg,,-1.000,0.543
0003_01_04_03_475.jpg,,-1.000,1.757
0003_01_04_03_480.jpg,,-1.000,0.450
0003_01_04_03_487.jpg,,-1.000,0.203
0003_01_04_03_492.jpg,,-1.000,0.510
0003_01_04_03_498.jpg,,-1.000,15.808
0003_01_04_03_53.jpg,,-1.000,0.868
0003_01_04_03_59.jpg,,-1.000,0.628
0003_01_04_03_64.jpg,,-1.000,0.645
0003_01_04_03_70.jpg,,-1.000,0.420
0003_01_04_03_76.jpg,,-1.000,0.153
0003_01_04_03_81.jpg,,-1.000,0.544
0003_01_04_03_87.jpg,,-1.000,0.424
0003_01_04_03_92.jpg,,-1.000,0.430
0003_01_04_03_98.jpg,,-1.000,0.174
0003_01_08_03_0.jpg,attack,0.000,109.301
0003_01_08_03_103.jpg,attack,0.000,24.389
0003_01_08_03_109.jpg,attack,0.000,43.503
0003_01_08_03_114.jpg,attack,0.001,26.022
0003_01_08_03_12.jpg,attack,0.000,25.474
0003_01_08_03_125.jpg,attack,0.000,29.975
0003_01_08_03_130.jpg,attack,0.000,25.915
0003_01_08_03_136.jpg,attack,0.000,25.840
0003_01_08_03_141.jpg,attack,0.000,28.570
0003_01_08_03_147.jpg,attack,0.000,31.328
0003_01_08_03_152.jpg,attack,0.001,24.420
0003_01_08_03_158.jpg,attack,0.001,36.556
0003_01_08_03_163.jpg,attack,0.000,32.412
0003_01_08_03_169.jpg,attack,0.000,30.839
0003_01_08_03_174.jpg,attack,0.000,25.701
0003_01_08_03_18.jpg,attack,0.000,39.689
0003_01_08_03_185.jpg,attack,0.000,29.245
0003_01_08_03_190.jpg,attack,0.000,29.625
0003_01_08_03_196.jpg,attack,0.001,40.491
0003_01_08_03_200.jpg,attack,0.000,26.954
0003_01_08_03_206.jpg,attack,0.000,28.078
0003_01_08_03_211.jpg,attack,0.000,38.027
0003_01_08_03_217.jpg,attack,0.000,24.778
0003_01_08_03_222.jpg,attack,0.000,28.671
0003_01_08_03_228.jpg,attack,0.000,45.961
0003_01_08_03_233.jpg,attack,0.000,25.411
0003_01_08_03_239.jpg,attack,0.000,29.585
0003_01_08_03_244.jpg,attack,0.000,43.278
0003_01_08_03_25.jpg,attack,0.000,28.755
0003_01_08_03_255.jpg,attack,0.000,54.585
0003_01_08_03_260.jpg,attack,0.000,35.039
0003_01_08_03_266.jpg,attack,0.000,41.575
0003_01_08_03_271.jpg,attack,0.000,35.260
0003_01_08_03_277.jpg,attack,0.000,36.118
0003_01_08_03_282.jpg,attack,0.000,26.434
0003_01_08_03_288.jpg,attack,0.000,29.063
0003_01_08_03_293.jpg,attack,0.000,36.116
0003_01_08_03_299.jpg,attack,0.000,28.194
0003_01_08_03_303.jpg,attack,0.000,26.873
0003_01_08_03_309.jpg,attack,0.000,49.357
0003_01_08_03_314.jpg,attack,0.000,24.569
0003_01_08_03_32.jpg,attack,0.000,38.963
0003_01_08_03_325.jpg,attack,0.000,40.273
0003_01_08_03_330.jpg,attack,0.000,25.220
0003_01_08_03_336.jpg,attack,0.000,39.960
0003_01_08_03_341.jpg,attack,0.000,30.809
0003_01_08_03_347.jpg,attack,0.000,26.883
0003_01_08_03_352.jpg,attack,0.000,34.294
0003_01_08_03_358.jpg,attack,0.000,34.124
0003_01_08_03_363.jpg,attack,0.000,35.674
0003_01_08_03_369.jpg,attack,0.000,31.514
0003_01_08_03_374.jpg,attack,0.000,37.945
0003_01_08_03_38.jpg,attack,0.000,29.299
0003_01_08_03_385.jpg,attack,0.002,28.339
0003_01_08_03_390.jpg,attack,0.001,45.026
0003_01_08_03_396.jpg,attack,0.002,25.635
0003_01_08_03_400.jpg,attack,0.010,26.006
0003_01_08_03_406.jpg,attack,0.000,38.815
0003_01_08_03_411.jpg,attack,0.003,25.986
0003_01_08_03_417.jpg,attack,0.005,35.342
0003_01_08_03_422.jpg,attack,0.000,31.603
0003_01_08_03_428.jpg,attack,0.005,23.967
0003_01_08_03_433.jpg,attack,0.001,29.201
0003_01_08_03_439.jpg,attack,0.000,36.216
0003_01_08_03_444.jpg,attack,0.000,25.809
0003_01_08_03_45.jpg,attack,0.000,47.035
0003_01_08_03_455.jpg,attack,0.000,35.252
0003_01_08_03_460.jpg,attack,0.000,30.680
0003_01_08_03_466.jpg,attack,0.002,45.639
0003_01_08_03_471.jpg,attack,0.000,48.496
0003_01_08_03_477.jpg,attack,0.000,44.105
0003_01_08_03_482.jpg,attack,0.000,32.069
0003_01_08_03_488.jpg,attack,0.000,25.671
0003_01_08_03_493.jpg,attack,0.000,27.928
0003_01_08_03_499.jpg,attack,0.000,40.631
0003_01_08_03_54.jpg,attack,0.000,28.854
0003_01_08_03_6.jpg,attack,0.000,34.798
0003_01_08_03_65.jpg,attack,0.000,41.387
0003_01_08_03_70.jpg,attack,0.000,27.255
0003_01_08_03_76.jpg,attack,0.000,44.350
0003_01_08_03_81.jpg,attack,0.000,35.710
0003_01_08_03_87.jpg,attack,0.000,25.426
0003_01_08_03_92.jpg,attack,0.000,61.523
0003_01_08_03_98.jpg,attack,0.000,30.488
0004_01_00_01_0.jpg,,-1.000,26.923
0004_01_00_01_101.jpg,real,0.997,35.237
0004_01_00_01_105.jpg,real,0.999,28.559
0004_01_00_01_109.jpg,real,0.999,44.878
0004_01_00_01_112.jpg,real,0.998,43.965
0004_01_00_01_116.jpg,real,0.994,67.246
0004_01_00_01_122.jpg,real,0.998,42.881
0004_01_00_01_141.jpg,real,0.995,46.419
0004_01_00_01_145.jpg,real,0.998,81.581
0004_01_00_01_15.jpg,real,0.997,44.853
0004_01_00_01_154.jpg,real,0.998,40.870
0004_01_00_01_169.jpg,real,0.994,53.141
0004_01_00_01_172.jpg,real,0.998,40.678
0004_01_00_01_176.jpg,real,0.997,51.393
0004_01_00_01_18.jpg,real,0.998,39.777
0004_01_00_01_183.jpg,real,0.986,48.705
0004_01_00_01_187.jpg,real,0.998,34.276
0004_01_00_01_190.jpg,real,0.999,26.265
0004_01_00_01_194.jpg,real,0.999,45.108
0004_01_00_01_198.jpg,real,0.998,30.325
0004_01_00_01_200.jpg,real,0.996,34.562
0004_01_00_01_204.jpg,real,0.997,66.002
0004_01_00_01_209.jpg,real,0.999,32.614
0004_01_00_01_212.jpg,real,0.998,34.289
0004_01_00_01_216.jpg,real,0.999,42.126
0004_01_00_01_220.jpg,real,0.999,26.323
0004_01_00_01_224.jpg,real,0.999,34.653
0004_01_00_01_228.jpg,real,0.999,35.516
0004_01_00_01_231.jpg,real,0.998,26.778
0004_01_00_01_235.jpg,real,0.999,35.782
0004_01_00_01_239.jpg,real,0.999,36.455
0004_01_00_01_242.jpg,real,0.999,25.950
0004_01_00_01_246.jpg,real,0.998,41.453
0004_01_00_01_25.jpg,real,0.999,35.067
0004_01_00_01_254.jpg,real,0.999,31.418
0004_01_00_01_258.jpg,real,0.999,51.223
0004_01_00_01_261.jpg,real,0.999,37.875
0004_01_00_01_265.jpg,real,0.999,36.787
0004_01_00_01_269.jpg,real,0.998,34.166
0004_01_00_01_272.jpg,real,0.999,35.550
0004_01_00_01_277.jpg,real,0.999,27.912
0004_01_00_01_280.jpg,real,0.999,31.732
0004_01_00_01_284.jpg,real,0.999,29.498
0004_01_00_01_288.jpg,real,0.998,29.916
0004_01_00_01_292.jpg,real,0.993,34.319
0004_01_00_01_297.jpg,real,0.913,29.422
0004_01_00_01_30.jpg,real,0.999,33.276
0004_01_00_01_303.jpg,real,0.992,36.362
0004_01_00_01_307.jpg,attack,0.865,27.753
0004_01_00_01_310.jpg,real,0.986,26.215
0004_01_00_01_314.jpg,real,1.000,53.470
0004_01_00_01_318.jpg,real,0.999,24.705
0004_01_00_01_321.jpg,real,0.999,34.809
0004_01_00_01_325.jpg,real,0.984,34.005
0004_01_00_01_33.jpg,real,0.998,24.007
0004_01_00_01_335.jpg,real,0.982,47.794
0004_01_00_01_339.jpg,real,0.993,37.442
0004_01_00_01_342.jpg,real,0.962,27.116
0004_01_00_01_346.jpg,real,0.998,40.467
0004_01_00_01_35.jpg,real,1.000,59.615
0004_01_00_01_353.jpg,real,0.999,33.475
0004_01_00_01_358.jpg,real,0.999,32.736
0004_01_00_01_361.jpg,real,0.998,33.949
0004_01_00_01_367.jpg,real,0.996,27.775
0004_01_00_01_371.jpg,real,0.993,49.251
0004_01_00_01_375.jpg,real,0.994,29.386
0004_01_00_01_379.jpg,real,0.998,29.023
0004_01_00_01_383.jpg,real,0.999,31.101
0004_01_00_01_388.jpg,real,0.998,25.441
0004_01_00_01_391.jpg,real,0.993,31.048
0004_01_00_01_395.jpg,real,0.999,41.356
0004_01_00_01_399.jpg,real,0.999,25.069
0004_01_00_01_402.jpg,real,0.996,32.037
0004_01_00_01_406.jpg,real,0.991,36.454
0004_01_00_01_41.jpg,real,1.000,25.559
0004_01_00_01_413.jpg,real,0.999,40.677
0004_01_00_01_417.jpg,real,0.998,50.518
0004_01_00_01_421.jpg,real,0.997,37.334
0004_01_00_01_425.jpg,real,0.998,31.535
0004_01_00_01_43.jpg,real,1.000,33.697
0004_01_00_01_434.jpg,real,0.997,29.064
0004_01_00_01_440.jpg,real,0.998,31.221
0004_01_00_01_444.jpg,real,0.999,29.454
0004_01_00_01_448.jpg,real,1.000,28.064
0004_01_00_01_453.jpg,real,0.999,35.921
0004_01_00_01_459.jpg,real,0.993,32.297
0004_01_00_01_462.jpg,real,0.998,27.065
0004_01_00_01_466.jpg,real,0.999,30.456
0004_01_00_01_470.jpg,real,1.000,31.999
0004_01_00_01_474.jpg,real,0.999,28.221
0004_01_00_01_478.jpg,real,1.000,44.514
0004_01_00_01_481.jpg,real,1.000,25.301
0004_01_00_01_485.jpg,real,1.000,27.866
0004_01_00_01_489.jpg,real,1.000,34.253
0004_01_00_01_494.jpg,real,1.000,29.939
0004_01_00_01_498.jpg,real,0.999,31.834
0004_01_00_01_51.jpg,real,1.000,39.928
0004_01_00_01_55.jpg,real,0.991,25.131
0004_01_00_01_59.jpg,real,0.991,30.928
0004_01_00_01_62.jpg,attack,0.868,42.060
0004_01_00_01_66.jpg,real,0.985,24.376
0004_01_00_01_7.jpg,real,0.997,46.980
0004_01_00_01_73.jpg,real,0.999,29.100
0004_01_00_01_77.jpg,real,0.998,28.487
0004_01_00_01_80.jpg,real,0.994,28.062
0004_01_00_01_86.jpg,real,0.996,34.562
0004_01_00_01_9.jpg,real,0.997,35.209
0004_01_00_01_93.jpg,real,0.993,36.647
0004_01_00_01_97.jpg,real,0.920,31.397
0004_01_00_02_0.jpg,real,0.905,29.561
0004_01_00_02_101.jpg,real,0.986,69.394
0004_01_00_02_105.jpg,real,0.991,49.372
0004_01_00_02_109.jpg,real,0.961,47.849
0004_01_00_02_112.jpg,real,0.990,50.425
0004_01_00_02_116.jpg,real,0.988,39.217
0004_01_00_02_12.jpg,real,0.998,52.119
0004_01_00_02_123.jpg,real,0.986,43.203
0004_01_00_02_127.jpg,real,0.992,45.971
0004_01_00_02_130.jpg,real,0.999,45.922
0004_01_00_02_134.jpg,real,0.987,43.726
0004_01_00_02_138.jpg,real,0.994,62.331
0004_01_00_02_141.jpg,real,0.973,55.829
0004_01_00_02_145.jpg,real,0.981,34.467
0004_01_00_02_149.jpg,real,0.981,35.150
0004_01_00_02_152.jpg,real,0.992,35.866
0004_01_00_02_156.jpg,real,0.985,34.060
0004_01_00_02_16.jpg,real,0.997,49.589
0004_01_00_02_163.jpg,real,0.997,41.058
0004_01_00_02_167.jpg,real,0.993,44.877
0004_01_00_02_170.jpg,real,0.977,32.617
0004_01_00_02_174.jpg,real,0.987,44.782
0004_01_00_02_178.jpg,real,0.999,36.844
0004_01_00_02_181.jpg,real,0.995,44.521
0004_01_00_02_185.jpg,real,0.993,47.738
0004_01_00_02_189.jpg,real,0.996,46.867
0004_01_00_02_192.jpg,real,0.998,42.465
0004_01_00_02_196.jpg,real,0.989,32.735
0004_01_00_02_2.jpg,real,0.997,37.390
0004_01_00_02_202.jpg,real,0.993,38.554
0004_01_00_02_206.jpg,real,0.987,51.485
0004_01_00_02_21.jpg,real,0.998,44.068
0004_01_00_02_213.jpg,real,0.996,49.069
0004_01_00_02_217.jpg,real,0.960,63.008
0004_01_00_02_220.jpg,real,0.994,56.081
0004_01_00_02_224.jpg,real,0.999,54.484
0004_01_00_02_228.jpg,real,0.968,51.013
0004_01_00_02_231.jpg,real,0.982,38.833
0004_01_00_02_235.jpg,real,0.990,28.433
0004_01_00_02_239.jpg,real,0.995,43.937
0004_01_00_02_242.jpg,real,0.994,38.867
0004_01_00_02_26.jpg,real,0.994,48.622
0004_01_00_02_270.jpg,real,0.989,49.014
0004_01_00_02_274.jpg,real,0.992,56.093
0004_01_00_02_278.jpg,real,0.969,49.157
0004_01_00_02_281.jpg,real,0.994,42.623
0004_01_00_02_285.jpg,real,0.994,42.802
0004_01_00_02_289.jpg,real,0.991,38.294
0004_01_00_02_292.jpg,real,0.996,53.056
0004_01_00_02_296.jpg,real,0.997,34.304
0004_01_00_02_3.jpg,real,0.998,28.400
0004_01_00_02_302.jpg,real,0.996,29.645
0004_01_00_02_306.jpg,real,0.998,51.373
0004_01_00_02_31.jpg,real,0.995,48.589
0004_01_00_02_313.jpg,real,0.973,34.522
0004_01_00_02_317.jpg,real,1.000,46.147
0004_01_00_02_320.jpg,real,0.996,30.555
0004_01_00_02_324.jpg,real,0.994,40.014
0004_01_00_02_328.jpg,real,0.981,34.416
0004_01_00_02_331.jpg,real,0.989,26.901
0004_01_00_02_335.jpg,real,0.991,45.440
0004_01_00_02_339.jpg,real,0.987,48.776
0004_01_00_02_342.jpg,real,0.989,39.738
0004_01_00_02_346.jpg,real,0.940,38.586
0004_01_00_02_35.jpg,real,0.998,27.300
0004_01_00_02_353.jpg,real,0.999,35.700
0004_01_00_02_357.jpg,real,0.974,44.824
0004_01_00_02_360.jpg,real,0.980,29.584
0004_01_00_02_364.jpg,real,0.993,39.552
0004_01_00_02_368.jpg,real,0.984,40.838
0004_01_00_02_371.jpg,real,0.986,37.007
0004_01_00_02_376.jpg,real,0.995,44.818
0004_01_00_02_38.jpg,real,0.994,36.053
0004_01_00_02_383.jpg,real,0.953,26.867
0004_01_00_02_387.jpg,real,0.990,40.967
0004_01_00_02_390.jpg,real,0.982,46.570
0004_01_00_02_394.jpg,real,0.990,40.478
0004_01_00_02_398.jpg,real,0.989,42.313
0004_01_00_02_400.jpg,real,0.986,25.735
0004_01_00_02_404.jpg,real,0.994,41.057
0004_01_00_02_408.jpg,real,0.972,42.188
0004_01_00_02_411.jpg,real,0.988,35.108
0004_01_00_02_415.jpg,real,0.981,43.637
0004_01_00_02_419.jpg,real,0.990,30.168
0004_01_00_02_422.jpg,real,0.991,46.826
0004_01_00_02_426.jpg,real,0.988,38.667
0004_01_00_02_43.jpg,real,0.988,30.157
0004_01_00_02_433.jpg,real,0.980,44.471
0004_01_00_02_437.jpg,real,0.980,37.142
0004_01_00_02_440.jpg,real,0.934,24.497
0004_01_00_02_444.jpg,attack,0.719,31.958
0004_01_00_02_448.jpg,real,0.925,37.596
0004_01_00_02_451.jpg,real,0.967,25.899
0004_01_00_02_455.jpg,attack,0.778,36.745
0004_01_00_02_459.jpg,attack,0.784,54.640
0004_01_00_02_462.jpg,attack,0.487,30.275
0004_01_00_02_466.jpg,attack,0.890,42.740
0004_01_00_02_47.jpg,real,0.994,31.601
0004_01_00_02_473.jpg,attack,0.477,41.517
0004_01_00_02_477.jpg,real,0.967,40.139
0004_01_00_02_480.jpg,real,0.904,29.680
0004_01_00_02_484.jpg,real,0.987,33.145
0004_01_00_02_488.jpg,real,0.922,32.592
0004_01_00_02_491.jpg,real,0.942,41.170
0004_01_00_02_495.jpg,real,0.949,28.802
0004_01_00_02_499.jpg,real,0.947,37.558
0004_01_00_02_52.jpg,real,0.992,33.703
0004_01_00_02_56.jpg,real,0.991,57.800
0004_01_00_02_6.jpg,real,0.998,33.825
0004_01_00_02_63.jpg,real,0.978,42.153
0004_01_00_02_67.jpg,real,0.987,38.898
0004_01_00_02_70.jpg,real,0.983,42.229
0004_01_00_02_74.jpg,real,0.970,36.730
0004_01_00_02_78.jpg,real,0.989,36.975
0004_01_00_02_81.jpg,real,0.965,38.283
0004_01_00_02_85.jpg,real,0.984,58.098
0004_01_00_02_89.jpg,real,0.991,34.801
0004_01_00_02_92.jpg,real,0.995,37.123
0004_01_00_02_96.jpg,real,0.995,39.230
0004_01_06_03_0.jpg,real,0.983,31.408
0004_01_06_03_1.jpg,real,0.994,44.244
0004_01_06_03_10.jpg,real,0.949,38.831
0004_01_06_03_100.jpg,real,0.997,32.953
0004_01_06_03_101.jpg,real,0.989,41.995
0004_01_06_03_102.jpg,real,0.990,40.747
0004_01_06_03_103.jpg,real,0.987,24.542
0004_01_06_03_104.jpg,real,0.969,38.821
0004_01_06_03_105.jpg,real,0.958,35.518
0004_01_06_03_106.jpg,real,0.975,26.672
0004_01_06_03_107.jpg,real,0.929,40.930
0004_01_06_03_108.jpg,real,0.918,36.325
0004_01_06_03_109.jpg,real,0.964,29.780
0004_01_06_03_11.jpg,real,0.986,34.879
0004_01_06_03_110.jpg,real,0.919,39.406
0004_01_06_03_111.jpg,real,0.963,43.989
0004_01_06_03_112.jpg,real,0.912,39.911
0004_01_06_03_113.jpg,real,0.909,38.115
0004_01_06_03_114.jpg,attack,0.893,30.923
0004_01_06_03_115.jpg,real,0.907,43.871
0004_01_06_03_116.jpg,attack,0.877,37.423
0004_01_06_03_117.jpg,real,0.906,28.456
0004_01_06_03_118.jpg,real,0.945,38.910
0004_01_06_03_119.jpg,real,0.961,37.686
0004_01_06_03_12.jpg,real,0.983,36.328
0004_01_06_03_120.jpg,real,0.951,39.910
0004_01_06_03_121.jpg,real,0.962,55.328
0004_01_06_03_122.jpg,real,0.981,36.418
0004_01_06_03_123.jpg,real,0.969,39.548
0004_01_06_03_124.jpg,attack,0.783,24.373
0004_01_06_03_125.jpg,attack,0.897,26.420
0004_01_06_03_126.jpg,real,0.908,35.443
0004_01_06_03_127.jpg,real,0.905,26.953
0004_01_06_03_128.jpg,attack,0.893,24.187
0004_01_06_03_129.jpg,attack,0.876,42.973
0004_01_06_03_13.jpg,real,0.984,34.356
0004_01_06_03_130.jpg,real,0.942,26.187
0004_01_06_03_131.jpg,real,0.960,34.781
0004_01_06_03_132.jpg,real,0.930,22.340
0004_01_06_03_133.jpg,real,0.953,34.712
0004_01_06_03_134.jpg,real,0.917,27.972
0004_01_06_03_135.jpg,attack,0.898,25.077
0004_01_06_03_136.jpg,real,0.926,31.282
0004_01_06_03_137.jpg,real,0.943,33.591
0004_01_06_03_138.jpg,attack,0.884,26.668
0004_01_06_03_139.jpg,real,0.969,36.265
0004_01_06_03_14.jpg,real,0.987,27.904
0004_01_06_03_140.jpg,real,0.923,24.648
0004_01_06_03_141.jpg,attack,0.880,35.689
0004_01_06_03_143.jpg,real,0.952,30.523
0004_01_06_03_144.jpg,real,0.959,26.429
0004_01_06_03_145.jpg,real,0.965,34.775
0004_01_06_03_146.jpg,real,0.964,31.359
0004_01_06_03_147.jpg,real,0.960,25.277
0004_01_06_03_148.jpg,real,0.950,48.336
0004_01_06_03_149.jpg,real,0.973,32.672
0004_01_06_03_15.jpg,real,0.993,36.235
0004_01_06_03_150.jpg,real,0.983,24.892
0004_01_06_03_151.jpg,real,0.945,26.876
0004_01_06_03_152.jpg,real,0.967,27.745
0004_01_06_03_153.jpg,real,0.980,25.910
0004_01_06_03_154.jpg,real,0.985,30.769
0004_01_06_03_155.jpg,real,0.951,26.179
0004_01_06_03_156.jpg,real,0.974,24.155
0004_01_06_03_157.jpg,real,0.958,32.456
0004_01_06_03_158.jpg,real,0.982,28.915
0004_01_06_03_159.jpg,real,0.979,24.620
0004_01_06_03_16.jpg,real,0.978,36.447
0004_01_06_03_161.jpg,real,0.994,22.359
0004_01_06_03_17.jpg,real,0.950,30.970
0004_01_06_03_173.jpg,real,0.993,32.664
0004_01_06_03_174.jpg,real,0.993,32.159
0004_01_06_03_175.jpg,real,0.992,32.195
0004_01_06_03_176.jpg,real,0.990,39.476
0004_01_06_03_177.jpg,real,0.991,26.704
0004_01_06_03_178.jpg,real,0.978,26.542
0004_01_06_03_179.jpg,real,0.994,33.451
0004_01_06_03_18.jpg,real,0.949,38.677
0004_01_06_03_183.jpg,real,0.988,38.599
0004_01_06_03_184.jpg,real,0.986,29.933
0004_01_06_03_185.jpg,real,0.984,25.720
0004_01_06_03_186.jpg,real,0.952,27.273
0004_01_06_03_187.jpg,real,0.980,29.043
0004_01_06_03_188.jpg,real,0.910,26.080
0004_01_06_03_189.jpg,attack,0.840,39.576
0004_01_06_03_19.jpg,real,0.944,23.735
0004_01_06_03_190.jpg,attack,0.845,33.520
0004_01_06_03_191.jpg,attack,0.787,26.392
0004_01_06_03_192.jpg,attack,0.900,24.346
0004_01_06_03_193.jpg,attack,0.855,24.457
0004_01_06_03_194.jpg,attack,0.857,26.708
0004_01_06_03_195.jpg,real,0.943,25.634
0004_01_06_03_196.jpg,real,0.946,24.527
0004_01_06_03_197.jpg,real,0.941,22.199
0004_01_06_03_198.jpg,real,0.903,29.035
0004_01_06_03_199.jpg,real,0.930,60.570
0004_01_06_03_2.jpg,real,0.995,39.208
0004_01_06_03_20.jpg,real,0.959,28.631
0004_01_06_03_200.jpg,real,0.947,30.280
0004_01_06_03_201.jpg,real,0.929,26.063
0004_01_06_03_202.jpg,real,0.949,47.553
0004_01_06_03_203.jpg,real,0.965,38.651
0004_01_06_03_204.jpg,real,0.976,24.501
0004_01_06_03_205.jpg,real,0.948,32.441
0004_01_06_03_206.jpg,real,0.979,36.853
0004_01_06_03_207.jpg,real,0.976,28.245
0004_01_06_03_208.jpg,real,0.969,34.195
0004_01_06_03_209.jpg,real,0.978,34.764
0004_01_06_03_21.jpg,real,0.946,25.245
0004_01_06_03_210.jpg,real,0.993,33.639
0004_01_06_03_211.jpg,real,0.989,28.199
0004_01_06_03_212.jpg,real,0.986,24.311
0004_01_06_03_213.jpg,real,0.990,39.888
0004_01_06_03_214.jpg,real,0.989,55.383
0004_01_06_03_215.jpg,real,0.989,33.905
0004_01_06_03_216.jpg,real,0.966,46.613
0004_01_06_03_217.jpg,real,0.974,33.904
0004_01_06_03_218.jpg,attack,0.896,54.956
0004_01_06_03_219.jpg,real,0.936,34.313
0004_01_06_03_22.jpg,real,0.955,24.690
0004_01_06_03_220.jpg,attack,0.872,30.312
0004_01_06_03_221.jpg,real,0.959,39.181
0004_01_06_03_222.jpg,real,0.907,27.562
0004_01_06_03_223.jpg,real,0.958,33.033
0004_01_06_03_224.jpg,real,0.972,35.944
0004_01_06_03_225.jpg,real,0.938,24.682
0004_01_06_03_226.jpg,real,0.970,33.566
0004_01_06_03_227.jpg,real,0.968,34.940
0004_01_06_03_228.jpg,real,0.947,37.322
0004_01_06_03_229.jpg,real,0.985,33.345
0004_01_06_03_23.jpg,real,0.955,37.731
0004_01_06_03_230.jpg,attack,0.900,25.207
0004_01_06_03_231.jpg,real,0.951,35.128
0004_01_06_03_232.jpg,real,0.962,25.152
0004_01_06_03_233.jpg,real,0.949,22.704
0004_01_06_03_234.jpg,real,0.935,24.562
0004_01_06_03_235.jpg,real,0.980,35.958
0004_01_06_03_236.jpg,real,0.948,45.705
0004_01_06_03_237.jpg,real,0.984,35.877
0004_01_06_03_238.jpg,real,0.980,35.101
0004_01_06_03_239.jpg,real,0.980,26.095
0004_01_06_03_24.jpg,real,0.978,23.885
0004_01_06_03_240.jpg,real,0.990,27.413
0004_01_06_03_241.jpg,real,0.987,34.502
0004_01_06_03_242.jpg,real,0.980,25.299
0004_01_06_03_243.jpg,real,0.962,26.229
0004_01_06_03_244.jpg,real,0.983,30.108
0004_01_06_03_245.jpg,real,0.984,26.264
0004_01_06_03_246.jpg,real,0.984,22.608
0004_01_06_03_247.jpg,real,0.990,38.410
0004_01_06_03_248.jpg,real,0.976,34.191
0004_01_06_03_249.jpg,real,0.974,25.722
0004_01_06_03_25.jpg,real,0.991,37.926
0004_01_06_03_250.jpg,real,0.979,28.158
0004_01_06_03_251.jpg,real,0.993,26.937
0004_01_06_03_252.jpg,real,0.984,34.193
0004_01_06_03_253.jpg,real,0.948,35.488
0004_01_06_03_254.jpg,real,0.915,28.567
0004_01_06_03_255.jpg,real,0.986,30.916
0004_01_06_03_256.jpg,real,0.993,24.895
0004_01_06_03_257.jpg,real,0.985,29.882
0004_01_06_03_258.jpg,real,0.989,26.141
0004_01_06_03_259.jpg,real,0.984,25.948
0004_01_06_03_26.jpg,real,0.991,26.610
0004_01_06_03_260.jpg,real,0.985,23.840
0004_01_06_03_261.jpg,real,0.976,24.194
0004_01_06_03_262.jpg,real,0.970,29.191
0004_01_06_03_263.jpg,real,0.936,23.350
0004_01_06_03_264.jpg,real,0.966,25.579
0004_01_06_03_265.jpg,real,0.970,23.778
0004_01_06_03_266.jpg,real,0.961,28.131
0004_01_06_03_267.jpg,real,0.980,25.966
0004_01_06_03_268.jpg,real,0.956,23.705
0004_01_06_03_269.jpg,real,0.971,35.433
0004_01_06_03_27.jpg,real,0.988,25.262
0004_01_06_03_270.jpg,real,0.984,23.248
0004_01_06_03_272.jpg,real,0.998,36.208
0004_01_06_03_273.jpg,real,0.998,33.199
0004_01_06_03_275.jpg,real,0.989,26.215
0004_01_06_03_276.jpg,real,0.992,48.309
0004_01_06_03_28.jpg,real,0.973,29.801
0004_01_06_03_281.jpg,real,0.990,33.389
0004_01_06_03_282.jpg,real,0.987,30.919
0004_01_06_03_283.jpg,real,0.971,32.185
0004_01_06_03_284.jpg,attack,0.802,28.344
0004_01_06_03_285.jpg,real,0.952,31.949
0004_01_06_03_286.jpg,real,0.947,32.876
0004_01_06_03_287.jpg,real,0.950,25.421
0004_01_06_03_288.jpg,real,0.943,35.497
0004_01_06_03_289.jpg,real,0.983,35.134
0004_01_06_03_29.jpg,real,0.994,22.932
0004_01_06_03_290.jpg,real,0.989,25.551
0004_01_06_03_291.jpg,real,0.962,25.733
0004_01_06_03_292.jpg,real,0.948,23.901
0004_01_06_03_293.jpg,real,0.982,21.986
0004_01_06_03_294.jpg,real,0.983,24.802
0004_01_06_03_295.jpg,real,0.983,28.453
0004_01_06_03_296.jpg,real,0.989,24.032
0004_01_06_03_297.jpg,real,0.981,27.940
0004_01_06_03_298.jpg,real,0.992,30.928
0004_01_06_03_299.jpg,real,0.978,26.824
0004_01_06_03_3.jpg,real,0.994,26.101
0004_01_06_03_30.jpg,real,0.964,32.259
0004_01_06_03_304.jpg,real,0.973,24.870
0004_01_06_03_305.jpg,real,0.982,29.501
0004_01_06_03_306.jpg,real,0.988,35.813
0004_01_06_03_307.jpg,real,0.993,24.340
0004_01_06_03_308.jpg,real,0.991,39.160
0004_01_06_03_309.jpg,real,0.995,30.722
0004_01_06_03_31.jpg,real,0.992,24.407
0004_01_06_03_311.jpg,real,0.978,38.640
0004_01_06_03_312.jpg,real,0.982,27.173
0004_01_06_03_314.jpg,real,0.993,26.862
0004_01_06_03_32.jpg,real,0.991,39.735
0004_01_06_03_321.jpg,real,0.979,32.011
0004_01_06_03_322.jpg,real,0.996,27.805
0004_01_06_03_323.jpg,real,0.978,29.887
0004_01_06_03_324.jpg,real,0.979,29.211
0004_01_06_03_325.jpg,real,0.980,23.811
0004_01_06_03_326.jpg,real,0.939,40.566
0004_01_06_03_327.jpg,real,0.984,34.069
0004_01_06_03_328.jpg,real,0.972,24.386
0004_01_06_03_329.jpg,real,0.941,33.597
0004_01_06_03_33.jpg,real,0.982,26.399
0004_01_06_03_330.jpg,real,0.932,24.838
0004_01_06_03_331.jpg,real,0.975,31.626
0004_01_06_03_332.jpg,real,0.995,23.452
0004_01_06_03_333.jpg,real,0.990,21.446
0004_01_06_03_334.jpg,real,0.921,28.883
0004_01_06_03_335.jpg,real,0.982,26.362
0004_01_06_03_336.jpg,real,0.941,35.809
0004_01_06_03_337.jpg,real,0.982,23.741
0004_01_06_03_338.jpg,real,0.986,32.059
0004_01_06_03_339.jpg,real,0.942,30.434
0004_01_06_03_34.jpg,real,0.986,30.813
0004_01_06_03_340.jpg,real,0.974,30.468
0004_01_06_03_341.jpg,real,0.967,41.019
0004_01_06_03_342.jpg,real,0.974,26.824
0004_01_06_03_343.jpg,real,0.994,36.490
0004_01_06_03_344.jpg,real,0.987,56.893
0004_01_06_03_345.jpg,real,0.993,37.499
0004_01_06_03_346.jpg,real,0.978,34.803
0004_01_06_03_347.jpg,real,0.976,24.220
0004_01_06_03_348.jpg,real,0.955,34.779
0004_01_06_03_349.jpg,real,0.969,32.048
0004_01_06_03_35.jpg,real,0.982,23.325
0004_01_06_03_350.jpg,real,0.988,42.226
0004_01_06_03_351.jpg,real,0.976,25.753
0004_01_06_03_352.jpg,real,0.982,23.209
0004_01_06_03_353.jpg,real,0.981,29.986
0004_01_06_03_354.jpg,real,0.984,30.605
0004_01_06_03_355.jpg,real,0.981,23.071
0004_01_06_03_356.jpg,real,0.971,38.695
0004_01_06_03_357.jpg,real,0.957,23.428
0004_01_06_03_358.jpg,real,0.978,22.040
0004_01_06_03_359.jpg,real,0.983,23.583
0004_01_06_03_36.jpg,real,0.993,30.906
0004_01_06_03_360.jpg,real,0.974,27.190
0004_01_06_03_361.jpg,real,0.981,31.339
0004_01_06_03_362.jpg,real,0.986,27.950
0004_01_06_03_363.jpg,real,0.993,30.116
0004_01_06_03_364.jpg,real,0.988,24.911
0004_01_06_03_365.jpg,real,0.955,34.203
0004_01_06_03_366.jpg,real,0.991,35.157
0004_01_06_03_367.jpg,real,0.962,32.167
0004_01_06_03_368.jpg,real,0.976,31.310
0004_01_06_03_369.jpg,real,0.973,27.169
0004_01_06_03_37.jpg,real,0.988,28.544
0004_01_06_03_370.jpg,real,0.987,36.176
0004_01_06_03_371.jpg,real,0.962,44.916
0004_01_06_03_372.jpg,real,0.973,25.874
0004_01_06_03_373.jpg,real,0.985,27.604
0004_01_06_03_374.jpg,real,0.958,34.587
0004_01_06_03_375.jpg,real,0.944,23.981
0004_01_06_03_376.jpg,real,0.975,24.550
0004_01_06_03_377.jpg,real,0.974,40.487
0004_01_06_03_378.jpg,attack,0.896,25.514
0004_01_06_03_379.jpg,real,0.977,28.010
0004_01_06_03_38.jpg,real,0.990,31.855
0004_01_06_03_380.jpg,real,0.954,28.650
0004_01_06_03_381.jpg,real,0.959,23.967
0004_01_06_03_382.jpg,real,0.950,48.275
0004_01_06_03_383.jpg,real,0.916,25.270
0004_01_06_03_384.jpg,real,0.905,29.124
0004_01_06_03_385.jpg,real,0.933,29.091
0004_01_06_03_386.jpg,real,0.930,26.494
0004_01_06_03_387.jpg,real,0.975,39.544
0004_01_06_03_388.jpg,real,0.972,31.466
0004_01_06_03_389.jpg,real,0.971,26.818
0004_01_06_03_39.jpg,real,0.987,34.676
0004_01_06_03_390.jpg,real,0.939,39.677
0004_01_06_03_391.jpg,real,0.978,26.839
0004_01_06_03_392.jpg,real,0.958,33.614
0004_01_06_03_393.jpg,attack,0.891,27.175
0004_01_06_03_394.jpg,real,0.962,27.413
0004_01_06_03_395.jpg,real,0.956,36.342
0004_01_06_03_396.jpg,real,0.947,30.879
0004_01_06_03_397.jpg,real,0.944,35.514
0004_01_06_03_398.jpg,real,0.978,24.799
0004_01_06_03_399.jpg,real,0.939,28.970
0004_01_06_03_4.jpg,real,0.990,22.594
0004_01_06_03_40.jpg,real,0.977,23.695
0004_01_06_03_401.jpg,real,0.978,23.963
0004_01_06_03_403.jpg,real,0.985,32.690
0004_01_06_03_405.jpg,real,0.986,24.966
0004_01_06_03_406.jpg,real,0.989,23.002
0004_01_06_03_407.jpg,real,0.976,23.707
0004_01_06_03_408.jpg,real,0.976,29.732
0004_01_06_03_409.jpg,real,0.986,23.947
0004_01_06_03_41.jpg,real,0.975,24.228
0004_01_06_03_410.jpg,real,0.989,35.576
0004_01_06_03_412.jpg,real,0.989,28.810
0004_01_06_03_413.jpg,real,0.992,21.844
0004_01_06_03_414.jpg,real,0.994,34.063
0004_01_06_03_415.jpg,real,0.991,31.038
0004_01_06_03_416.jpg,real,0.994,24.796
0004_01_06_03_417.jpg,real,0.994,29.209
0004_01_06_03_418.jpg,real,0.963,34.696
0004_01_06_03_419.jpg,real,0.987,28.245
0004_01_06_03_42.jpg,real,0.969,32.888
0004_01_06_03_420.jpg,real,0.988,33.544
0004_01_06_03_421.jpg,real,0.978,31.327
0004_01_06_03_422.jpg,real,0.995,27.752
0004_01_06_03_423.jpg,real,0.994,35.732
0004_01_06_03_424.jpg,real,0.990,27.167
0004_01_06_03_425.jpg,real,0.954,29.279
0004_01_06_03_426.jpg,real,0.939,26.726
0004_01_06_03_427.jpg,real,0.971,24.609
0004_01_06_03_428.jpg,real,0.992,27.024
0004_01_06_03_429.jpg,real,0.978,24.136
0004_01_06_03_43.jpg,real,0.986,25.198
0004_01_06_03_430.jpg,real,0.973,22.415
0004_01_06_03_431.jpg,real,0.957,36.291
0004_01_06_03_432.jpg,real,0.952,33.325
0004_01_06_03_433.jpg,real,0.971,26.997
0004_01_06_03_434.jpg,real,0.967,25.525
0004_01_06_03_435.jpg,real,0.969,26.267
0004_01_06_03_436.jpg,real,0.957,25.425
0004_01_06_03_437.jpg,real,0.987,22.072
0004_01_06_03_438.jpg,real,0.981,34.916
0004_01_06_03_439.jpg,real,0.971,23.447
0004_01_06_03_44.jpg,real,0.987,33.261
0004_01_06_03_440.jpg,real,0.971,32.793
0004_01_06_03_441.jpg,real,0.978,34.495
0004_01_06_03_442.jpg,real,0.956,24.266
0004_01_06_03_443.jpg,real,0.991,32.726
0004_01_06_03_444.jpg,real,0.983,31.691
0004_01_06_03_445.jpg,real,0.981,25.654
0004_01_06_03_446.jpg,real,0.974,36.487
0004_01_06_03_447.jpg,real,0.939,27.768
0004_01_06_03_448.jpg,real,0.966,26.858
0004_01_06_03_449.jpg,real,0.988,33.446
0004_01_06_03_45.jpg,real,0.993,35.185
0004_01_06_03_450.jpg,real,0.962,26.135
0004_01_06_03_451.jpg,real,0.986,26.887
0004_01_06_03_452.jpg,real,0.979,25.070
0004_01_06_03_453.jpg,real,0.987,28.768
0004_01_06_03_454.jpg,real,0.968,25.779
0004_01_06_03_455.jpg,real,0.992,25.458
0004_01_06_03_456.jpg,real,0.987,25.873
0004_01_06_03_457.jpg,real,0.985,23.653
0004_01_06_03_458.jpg,real,0.963,23.698
0004_01_06_03_459.jpg,real,0.979,25.332
0004_01_06_03_46.jpg,real,0.994,30.208
0004_01_06_03_460.jpg,real,0.963,22.352
0004_01_06_03_461.jpg,real,0.961,24.521
0004_01_06_03_462.jpg,real,0.971,27.995
0004_01_06_03_463.jpg,real,0.984,27.212
0004_01_06_03_464.jpg,real,0.985,26.355
0004_01_06_03_465.jpg,real,0.987,35.023
0004_01_06_03_466.jpg,real,0.979,25.605
0004_01_06_03_467.jpg,real,0.987,24.611
0004_01_06_03_468.jpg,real,0.979,25.820
0004_01_06_03_469.jpg,real,0.982,29.422
0004_01_06_03_47.jpg,real,0.980,27.490
0004_01_06_03_470.jpg,real,0.944,32.088
0004_01_06_03_471.jpg,real,0.980,32.389
0004_01_06_03_472.jpg,real,0.985,28.898
0004_01_06_03_473.jpg,real,0.989,30.480
0004_01_06_03_474.jpg,real,0.991,33.121
0004_01_06_03_475.jpg,real,0.988,37.005
0004_01_06_03_477.jpg,real,0.990,27.836
0004_01_06_03_478.jpg,real,0.978,28.861
0004_01_06_03_48.jpg,real,0.984,45.395
0004_01_06_03_483.jpg,real,0.951,25.100
0004_01_06_03_484.jpg,real,0.955,26.152
0004_01_06_03_485.jpg,real,0.919,29.839
0004_01_06_03_486.jpg,real,0.972,23.096
0004_01_06_03_487.jpg,real,0.952,22.199
0004_01_06_03_488.jpg,real,0.958,27.927
0004_01_06_03_489.jpg,real,0.968,28.436
0004_01_06_03_49.jpg,real,0.980,22.674
0004_01_06_03_490.jpg,real,0.960,44.878
0004_01_06_03_491.jpg,real,0.988,31.123
0004_01_06_03_492.jpg,real,0.971,22.780
0004_01_06_03_493.jpg,real,0.991,26.579
0004_01_06_03_494.jpg,real,0.980,27.591
0004_01_06_03_495.jpg,real,0.994,22.405
0004_01_06_03_496.jpg,real,0.986,23.387
0004_01_06_03_497.jpg,real,0.984,34.197
0004_01_06_03_499.jpg,real,0.950,25.302
0004_01_06_03_5.jpg,real,0.989,25.352
0004_01_06_03_50.jpg,real,0.976,25.468
0004_01_06_03_51.jpg,real,0.982,33.751
0004_01_06_03_52.jpg,real,0.968,35.764
0004_01_06_03_53.jpg,real,0.984,28.592
0004_01_06_03_54.jpg,real,0.981,29.383
0004_01_06_03_55.jpg,real,0.986,35.507
0004_01_06_03_56.jpg,real,0.983,26.827
0004_01_06_03_57.jpg,real,0.981,30.933
0004_01_06_03_58.jpg,real,0.986,41.251
0004_01_06_03_59.jpg,real,0.978,25.889
0004_01_06_03_6.jpg,real,0.993,26.624
0004_01_06_03_60.jpg,real,0.984,29.932
0004_01_06_03_61.jpg,real,0.952,30.920
0004_01_06_03_62.jpg,real,0.964,27.463
0004_01_06_03_63.jpg,real,0.976,37.257
0004_01_06_03_64.jpg,real,0.945,22.454
0004_01_06_03_65.jpg,real,0.955,25.287
0004_01_06_03_66.jpg,real,0.980,23.877
0004_01_06_03_67.jpg,real,0.972,24.408
0004_01_06_03_68.jpg,real,0.980,26.104
0004_01_06_03_69.jpg,real,0.986,33.186
0004_01_06_03_7.jpg,real,0.988,27.059
0004_01_06_03_70.jpg,real,0.967,21.635
0004_01_06_03_71.jpg,real,0.986,22.610
0004_01_06_03_72.jpg,real,0.993,29.913
0004_01_06_03_73.jpg,real,0.996,27.839
0004_01_06_03_74.jpg,real,0.989,23.525
0004_01_06_03_75.jpg,real,0.989,39.175
0004_01_06_03_79.jpg,real,0.992,34.464
0004_01_06_03_8.jpg,real,0.989,25.648
0004_01_06_03_80.jpg,real,0.995,32.063
0004_01_06_03_81.jpg,real,0.999,30.196
0004_01_06_03_82.jpg,real,0.999,48.280
0004_01_06_03_83.jpg,real,1.000,33.808
0004_01_06_03_84.jpg,real,1.000,36.061
0004_01_06_03_85.jpg,real,1.000,28.530
0004_01_06_03_86.jpg,real,0.999,33.578
0004_01_06_03_87.jpg,real,0.996,39.461
0004_01_06_03_88.jpg,real,0.996,24.092
0004_01_06_03_89.jpg,real,0.984,27.944
0004_01_06_03_9.jpg,real,0.980,29.672
0004_01_06_03_90.jpg,real,0.995,36.624
0004_01_06_03_91.jpg,real,0.990,29.028
0004_01_06_03_92.jpg,real,0.995,39.166
0004_01_06_03_93.jpg,real,0.997,25.697
0004_01_06_03_94.jpg,real,0.978,26.987
0004_01_06_03_95.jpg,real,0.983,31.820
0004_01_06_03_96.jpg,real,0.989,24.257
0004_01_06_03_97.jpg,real,0.994,46.671
0004_01_06_03_98.jpg,real,0.992,26.548
0004_01_06_03_99.jpg,real,0.989,23.012
